review,label
best product ever must buy,fake
ultimate quality everyone should buy this,fake
100 percent satisfaction guaranteed product,fake
ipove order pannunga semma offer,fake
super duper quality eyes closed vaangalam,fake
vera level product dont miss this deal,fake
top class product highly recommended,fake
awesome item best in market,fake
excellent product no doubt just go for it,fake
must buy product totally worth it,fake
semma product super ah iruku kandippa vaangunga,fake
vera level performance mass product,fake
romba super product ellarum vaanganum,fake
idhu than best product market la,fake
super ah work aagum no issues,fake
blind ah vaangalam waste illa,fake
offer la iruku miss pannatheenga,fake
mass quality semma deal ipo,fake
ultimate choice dont think just buy,fake
romba nalla iruku best choice,fake
product is good buy without thinking,fake
works perfectly best product,fake
highly useful item must try,fake
fully satisfied amazing product,fake
best product must buy now,fake
ultimate deal dont miss,fake
super product go for it,fake
top quality item best choice,fake
amazing product everyone should try,fake
highly recommended best purchase,fake
no 1 product in market,fake
excellent item no regrets,fake
perfect product just buy,fake
superb quality dont think,fake
semma product kandippa vaangunga,fake
vera level quality mass ah iruku,fake
super ah iruku must buy da,fake
idhu than best product,fake
mass product dont miss,fake
offer la iruku ipo vaanga,fake
semma deal use pannunga,fake
ultimate performance super ah,fake
vera level experience super,fake
best ever product trust me,fake
awesome quality just go for it,fake
100 percent good product,fake
fully satisfied best item,fake
no issues perfect working,fake
excellent choice must try,fake
amazing performance go ahead,fake
top class experience,fake
super deal buy fast,fake
romba super product waste illa,fake
idhu best choice kandippa,fake
super da best product,fake
mass ah iruku semma,fake
vera level product try pannunga,fake
nalla iruku buy pannunga,fake
super quality waste illa,fake
semma item best ah,fake
mass performance must try,fake
buy this product now,fake
great product highly useful,fake
excellent results guaranteed,fake
perfect item best buy,fake
ultimate quality go for it,fake
super experience dont miss,fake
awesome item must have,fake
best purchase ever,fake
no doubt best product,fake
simply amazing product,fake

really liked the product works well,real
good quality satisfied with purchase,real
happy with the product worth buying,real
very useful product for daily use,real
excellent performance and good build,real
totally satisfied with this product,real
value for money and good quality,real
works perfectly as expected,real
intha product ok aana not worth the money,real
quality nalla iruku but price konjam high,real
use panna okay but delivery late,real
battery decent ah iruku aana charger weak,real
packing average but product works fine,real
daily use ku okay but cost romba jasthi,real
product paravala but expected level illa,real
sound quality nalla iruku but build normal,real
worst product totally waste money,real
very bad quality cheated feeling,real
product useless not working properly,real
money waste do not buy this,real
fake promises nothing works,real
extremely poor performance very disappointed,real
not good performance but manageable,real
bad experience but still usable,real
product has issues but okay for now,real
quality poor but works somehow,real
good product for this price range,real
nice one but delivery slow,real
works well for basic usage,real
decent item not premium quality,real
okay for price but not great,real
fine product with minor issues,real
not bad but expected better,real
excellent product very happy with purchase,real
super quality really satisfied,real
worth buying good experience,real
product is good but delivery was late,real
quality okay but price is high,real
works fine for daily usage,real
average product nothing special,real
not bad but expected more,real
decent item for this price,real
okay product can improve quality,real
fine but packaging could be better,real
works as expected no issues,real
good but not great,real
intha product nalla iruku but konjam costly,real
use panna okay but battery weak,real
quality decent ah iruku but not premium,real
delivery late aana product okay,real
sound good but build average,real
daily use ku okay but not heavy use,real
product paravala but hype jasthi,real
nalla iruku but konjam improve pannalam,real
use panna easy but quality average,real
romba nalla illa but okay,real
very bad quality disappointed,real
product not working properly,real
bad experience overall,real
quality very poor not recommended,real
waste of money completely,real
not worth buying at all,real
good product satisfied with purchase,real
nice quality and works well,real
happy with the product performance,real
very useful for daily use,real
excellent build and quality,real
totally satisfied with product,real
works perfectly fine,real
great product for this price,real
good experience overall,real
product has minor issues but usable,real
not great but does the job,real
average performance but okay,real
quality not best but manageable,real
some problems but still works,real
expected better but okay product,real
decent performance for price,real
not impressive but usable,real
works okay nothing special,real
fine for temporary use,real
works well but build quality average,real
product is good but delivery was late,real
quality is decent but price is high,real
performance good but battery drains fast,real
good product but packaging could improve,real
works fine but not worth the hype,real
nice product but expected better quality,real
product okay but customer service slow,real
sound quality good but build feels cheap,real
battery backup okay but charging slow,real

romba nalla iruku but konjam issues iruku,real
intha product okay aana price konjam jasthi,real
quality nalla iruku but delivery late,real
use panna easy but performance average,real
sound nalla iruku but build normal,real
daily use ku good but not heavy usage,real
product paravala but expected level illa,real
nalla iruku but improvement venum,real
super ah iruku but cost too much,real
romba nalla illa but okay,real

product works but sometimes lag iruku,real
good for basic use but not advanced,real
decent quality but not long lasting,real
fine product but minor issues iruku,real
works properly but heats sometimes,real
performance okay but design average,real
quality okay but finishing not good,real
useful product but not perfect,real
not bad but still needs improvement,real
average item but usable,real

good product but delivery delay spoiled experience,real
works well but takes time to respond,real
quality decent but color faded quickly,real
battery good but drains faster sometimes,real
nice item but packaging damaged,real
product fine but instructions unclear,real
works okay but not smooth always,real
decent performance but build weak,real
good quality but slightly overpriced,real
not bad but not impressive either,real

romba use panna nalla iruku but konjam heat aaguthu,real
product okay but sound konjam low,real
quality paravala but price adhigam,real
use panna smooth aana sometimes lag,real
nalla iruku but durability doubt,real
product okay but weight jasthi,real
performance good but battery weak,real
nice ah iruku but konjam slow,real
decent ah iruku but not best,real
overall okay but expected more,real